Symbol,Name,Sector,Sector Ticker,Sector ETF Ticker,,,,,,
A,Agilent Technologies Inc,Health Care,^SP500-35,IYH,,- 'A',,,,
AAL,American Airlines Group,Industrials,^SP500-20,IYJ,,- 'AAL',,,,
AAP,Advance Auto Parts,Consumer Discretionary,^SP500-25,XLY,,- 'AAP',,,,
AAPL,Apple Inc.,Information Technology,^SP500-45,IYW,,- 'AAPL',,,,
ABBV,AbbVie Inc.,Health Care,^SP500-35,IYH,,- 'ABBV',,,,
ABC,AmerisourceBergen Corp,Health Care,^SP500-35,IYH,,- 'ABC',,,,
ABT,Abbott Laboratories,Health Care,^SP500-35,IYH,,- 'ABT',,,,
ACN,Accenture plc,Information Technology,^SP500-45,IYW,,- 'ACN',,,,
ADBE,Adobe Systems Inc,Information Technology,^SP500-45,IYW,,- 'ADBE',,,,
ADI,"Analog Devices, Inc.",Information Technology,^SP500-45,IYW,,- 'ADI',,,,
ADI,Analog Devices,Information Technology,^SP500-45,IYW,,- 'ADI',,,,
ADM,Archer-Daniels-Midland Co,Consumer Staples,^SP500-30,VDC,,- 'ADM',,,,
ADP,Automatic Data Processing,Information Technology,^SP500-45,IYW,,- 'ADP',,,,
ADS,Alliance Data Systems,Information Technology,^SP500-45,IYW,,- 'ADS',,,,
ADSK,Autodesk Inc,Information Technology,^SP500-45,IYW,,- 'ADSK',,,,
AEE,Ameren Corp,Utilities,^SP500-55,IDU,,- 'AEE',,,,
AEP,American Electric Power,Utilities,^SP500-55,IDU,,- 'AEP',,,,
AES,AES Corp,Utilities,^SP500-55,IDU,,- 'AES',,,,
AFL,AFLAC Inc,Financials,^SP500-40,IYF,,- 'AFL',,,,
AIG,"American International Group, Inc.",Financials,^SP500-40,IYF,,- 'AIG',,,,
AIV,Apartment Investment & Management,Real Estate,^SP500-60,IYR,,- 'AIV',,,,
AIZ,Assurant Inc,Financials,^SP500-40,IYF,,- 'AIZ',,,,
AJG,Arthur J. Gallagher & Co.,Financials,^SP500-40,IYF,,- 'AJG',,,,
AKAM,Akamai Technologies Inc,Information Technology,^SP500-45,IYW,,- 'AKAM',,,,
ALB,Albemarle Corp,Materials,^SP500-15,IYM,,- 'ALB',,,,
ALGN,Align Technology,Health Care,^SP500-35,IYH,,- 'ALGN',,,,
ALK,Alaska Air Group Inc,Industrials,^SP500-20,IYJ,,- 'ALK',,,,
ALL,Allstate Corp,Financials,^SP500-40,IYF,,- 'ALL',,,,
ALLE,Allegion,Industrials,^SP500-20,IYJ,,- 'ALLE',,,,
ALXN,Alexion Pharmaceuticals,Health Care,^SP500-35,IYH,,- 'ALXN',,,,
AMAT,Applied Materials Inc,Information Technology,^SP500-45,IYW,,- 'AMAT',,,,
AMD,Advanced Micro Devices Inc,Information Technology,^SP500-45,IYW,,- 'AMD',,,,
AME,AMETEK Inc,Industrials,^SP500-20,IYJ,,- 'AME',,,,
AMG,Affiliated Managers Group Inc,Financials,^SP500-40,IYF,,- 'AMG',,,,
AMGN,Amgen Inc,Health Care,^SP500-35,IYH,,- 'AMGN',,,,
AMP,Ameriprise Financial,Financials,^SP500-40,IYF,,- 'AMP',,,,
AMT,American Tower Corp A,Real Estate,^SP500-60,IYR,,- 'AMT',,,,
AMZN,Amazon.com Inc,Consumer Discretionary,^SP500-25,XLY,,- 'AMZN',,,,
ANSS,ANSYS,Information Technology,^SP500-45,IYW,,- 'ANSS',,,,
ANTM,Anthem Inc.,Health Care,^SP500-35,IYH,,- 'ANTM',,,,
AON,Aon plc,Financials,^SP500-40,IYF,,- 'AON',,,,
AOS,A.O. Smith Corp,Industrials,^SP500-20,IYJ,,- 'AOS',,,,
APA,Apache Corporation,Energy,^SP500-10,IYE,,- 'APA',,,,
APD,Air Products & Chemicals Inc,Materials,^SP500-15,IYM,,- 'APD',,,,
APH,Amphenol Corp,Information Technology,^SP500-45,IYW,,- 'APH',,,,
APTV,Aptiv Plc,Consumer Discretionary,^SP500-25,XLY,,- 'APTV',,,,
ARE,Alexandria Real Estate Equities Inc,Real Estate,^SP500-60,IYR,,- 'ARE',,,,
ARNC,Arconic Inc,Industrials,^SP500-20,IYJ,,- 'ARNC',,,,
ASML,ASML Holding,Information Technology,^SP500-45,IYW,,- 'ASML',,,,
ATVI,Activision Blizzard,Information Technology,^SP500-45,IYW,,- 'ATVI',,,,
AVB,"AvalonBay Communities, Inc.",Real Estate,^SP500-60,IYR,,- 'AVB',,,,
AVGO,Broadcom,Information Technology,^SP500-45,IYW,,- 'AVGO',,,,
AVY,Avery Dennison Corp,Materials,^SP500-15,IYM,,- 'AVY',,,,
AWK,American Water Works Company Inc,Utilities,^SP500-55,IDU,,- 'AWK',,,,
AXP,American Express Co,Financials,^SP500-40,IYF,,- 'AXP',,,,
AYI,Acuity Brands Inc,Industrials,^SP500-20,IYJ,,- 'AYI',,,,
AZO,AutoZone Inc,Consumer Discretionary,^SP500-25,XLY,,- 'AZO',,,,
BA,Boeing Company,Industrials,^SP500-20,IYJ,,- 'BA',,,,
BAC,Bank of America Corp,Financials,^SP500-40,IYF,,- 'BAC',,,,
BAX,Baxter International Inc.,Health Care,^SP500-35,IYH,,- 'BAX',,,,
BBY,Best Buy Co. Inc.,Consumer Discretionary,^SP500-25,XLY,,- 'BBY',,,,
BDX,Becton Dickinson,Health Care,^SP500-35,IYH,,- 'BDX',,,,
BEN,Franklin Resources,Financials,^SP500-40,IYF,,- 'BEN',,,,
BHF,Brighthouse Financial Inc,Financials,^SP500-40,IYF,,- 'BHF',,,,
BIDU,Baidu,Communication Services,^SP500-50,IYZ,,- 'BIDU',,,,
BIIB,Biogen Inc.,Health Care,^SP500-35,IYH,,- 'BIIB',,,,
BK,The Bank of New York Mellon Corp.,Financials,^SP500-40,IYF,,- 'BK',,,,
BKNG,Booking Holdings,Consumer Discretionary,^SP500-25,XLY,,- 'BKNG',,,,
BLK,BlackRock,Financials,^SP500-40,IYF,,- 'BLK',,,,
BLL,Ball Corp,Materials,^SP500-15,IYM,,- 'BLL',,,,
BMY,Bristol-Myers Squibb,Health Care,^SP500-35,IYH,,- 'BMY',,,,
BSX,Boston Scientific,Health Care,^SP500-35,IYH,,- 'BSX',,,,
BWA,BorgWarner,Consumer Discretionary,^SP500-25,XLY,,- 'BWA',,,,
BXP,Boston Properties,Real Estate,^SP500-60,IYR,,- 'BXP',,,,
C,Citigroup Inc.,Financials,^SP500-40,IYF,,- 'C',,,,
CAG,Conagra Brands,Consumer Staples,^SP500-30,VDC,,- 'CAG',,,,
CAH,Cardinal Health Inc.,Health Care,^SP500-35,IYH,,- 'CAH',,,,
CAT,Caterpillar Inc.,Industrials,^SP500-20,IYJ,,- 'CAT',,,,
CB,Chubb Limited,Financials,^SP500-40,IYF,,- 'CB',,,,
CBOE,CBOE Holdings,Financials,^SP500-40,IYF,,- 'CBOE',,,,
CCI,Crown Castle International Corp.,Real Estate,^SP500-60,IYR,,- 'CCI',,,,
CCL,Carnival Corp.,Consumer Discretionary,^SP500-25,XLY,,- 'CCL',,,,
CDNS,Cadence Design Systems,Information Technology,^SP500-45,IYW,,- 'CDNS',,,,
CDW,CDW,Information Technology,^SP500-45,IYW,,- 'CDW',,,,
CERN,Cerner,Health Care,^SP500-35,IYH,,- 'CERN',,,,
CF,CF Industries Holdings Inc,Materials,^SP500-15,IYM,,- 'CF',,,,
CFG,Citizens Financial Group,Financials,^SP500-40,IYF,,- 'CFG',,,,
CHD,Church & Dwight,Consumer Staples,^SP500-30,VDC,,- 'CHD',,,,
CHKP,Check Point Software Technologies Ltd.,Information Technology,^SP500-45,IYW,,- 'CHKP',,,,
CHRW,C. H. Robinson Worldwide,Industrials,^SP500-20,IYJ,,- 'CHRW',,,,
CHTR,"Charter Communications, Inc.",Communication Services,^SP500-50,IYZ,,- 'CHTR',,,,
CI,CIGNA Corp.,Health Care,^SP500-35,IYH,,- 'CI',,,,
CINF,Cincinnati Financial,Financials,^SP500-40,IYF,,- 'CINF',,,,
CL,Colgate-Palmolive,Consumer Staples,^SP500-30,VDC,,- 'CL',,,,
CLX,The Clorox Company,Consumer Staples,^SP500-30,VDC,,- 'CLX',,,,
CMA,Comerica Inc.,Financials,^SP500-40,IYF,,- 'CMA',,,,
CMCSA,Comcast Corporation,Communication Services,^SP500-50,IYZ,,- 'CMCSA',,,,
CME,CME Group Inc.,Financials,^SP500-40,IYF,,- 'CME',,,,
CMG,Chipotle Mexican Grill,Consumer Discretionary,^SP500-25,XLY,,- 'CMG',,,,
CMI,Cummins Inc.,Industrials,^SP500-20,IYJ,,- 'CMI',,,,
CMS,CMS Energy,Utilities,^SP500-55,IDU,,- 'CMS',,,,
CNC,Centene Corporation,Health Care,^SP500-35,IYH,,- 'CNC',,,,
CNP,CenterPoint Energy,Utilities,^SP500-55,IDU,,- 'CNP',,,,
COF,Capital One Financial,Financials,^SP500-40,IYF,,- 'COF',,,,
COG,Cabot Oil & Gas,Energy,^SP500-10,IYE,,- 'COG',,,,
COL,Rockwell Collins,Industrials,^SP500-20,IYJ,,- 'COL',,,,
COO,The Cooper Companies,Health Care,^SP500-35,IYH,,- 'COO',,,,
COP,ConocoPhillips,Energy,^SP500-10,IYE,,- 'COP',,,,
COST,Costco Wholesale Corp.,Consumer Staples,^SP500-30,VDC,,- 'COST',,,,
COTY,"Coty, Inc",Consumer Staples,^SP500-30,VDC,,- 'COTY',,,,
CPB,Campbell Soup,Consumer Staples,^SP500-30,VDC,,- 'CPB',,,,
CPRT,Copart,Industrials,^SP500-20,IYJ,,- 'CPRT',,,,
CRM,Salesforce.com,Information Technology,^SP500-45,IYW,,- 'CRM',,,,
CSCO,Cisco Systems,Information Technology,^SP500-45,IYW,,- 'CSCO',,,,
CSX,CSX Corp.,Industrials,^SP500-20,IYJ,,- 'CSX',,,,
CTAS,Cintas Corporation,Industrials,^SP500-20,IYJ,,- 'CTAS',,,,
CTSH,Cognizant Technology Solutions,Information Technology,^SP500-45,IYW,,- 'CTSH',,,,
CTXS,Citrix Systems,Information Technology,^SP500-45,IYW,,- 'CTXS',,,,
CVS,CVS Health,Consumer Staples,^SP500-30,VDC,,- 'CVS',,,,
CVX,Chevron Corp.,Energy,^SP500-10,IYE,,- 'CVX',,,,
D,Dominion Energy,Utilities,^SP500-55,IDU,,- 'D',,,,
DAL,Delta Air Lines Inc.,Industrials,^SP500-20,IYJ,,- 'DAL',,,,
DE,Deere & Co.,Industrials,^SP500-20,IYJ,,- 'DE',,,,
DFS,Discover Financial Services,Financials,^SP500-40,IYF,,- 'DFS',,,,
DG,Dollar General,Consumer Discretionary,^SP500-25,XLY,,- 'DG',,,,
DGX,Quest Diagnostics,Health Care,^SP500-35,IYH,,- 'DGX',,,,
DHI,D. R. Horton,Consumer Discretionary,^SP500-25,XLY,,- 'DHI',,,,
DHR,Danaher Corp.,Health Care,^SP500-35,IYH,,- 'DHR',,,,
DIS,The Walt Disney Company,Consumer Discretionary,^SP500-25,XLY,,- 'DIS',,,,
DISCA,Discovery Communications-A,Consumer Discretionary,^SP500-25,XLY,,- 'DISCA',,,,
DISCK,Discovery Communications-C,Consumer Discretionary,^SP500-25,XLY,,- 'DISCK',,,,
DISH,Dish Network,Consumer Discretionary,^SP500-25,XLY,,- 'DISH',,,,
DLR,Digital Realty Trust Inc,Real Estate,^SP500-60,IYR,,- 'DLR',,,,
DLTR,Dollar Tree,Consumer Discretionary,^SP500-25,XLY,,- 'DLTR',,,,
DOCU,DocuSign,Information Technology,^SP500-45,IYW,,- 'DOCU',,,,
DOV,Dover Corp.,Industrials,^SP500-20,IYJ,,- 'DOV',,,,
DRE,Duke Realty Corp,Real Estate,^SP500-60,IYR,,- 'DRE',,,,
DRI,Darden Restaurants,Consumer Discretionary,^SP500-25,XLY,,- 'DRI',,,,
DTE,DTE Energy Co.,Utilities,^SP500-55,IDU,,- 'DTE',,,,
DUK,Duke Energy,Utilities,^SP500-55,IDU,,- 'DUK',,,,
DVA,DaVita Inc.,Health Care,^SP500-35,IYH,,- 'DVA',,,,
DVN,Devon Energy Corp.,Energy,^SP500-10,IYE,,- 'DVN',,,,
DXC,DXC Technology,Information Technology,^SP500-45,IYW,,- 'DXC',,,,
DXCM,DexCom,Health Care,^SP500-35,IYH,,- 'DXCM',,,,
EA,Electronic Arts,Communication Services,^SP500-50,IYZ,,- 'EA',,,,
EA,Electronic Arts,Information Technology,^SP500-45,IYW,,- 'EA',,,,
EBAY,eBay Inc.,Consumer Discretionary,^SP500-25,XLY,,- 'EBAY',,,,
ECL,Ecolab Inc.,Materials,^SP500-15,IYM,,- 'ECL',,,,
ED,Consolidated Edison,Utilities,^SP500-55,IDU,,- 'ED',,,,
EFX,Equifax Inc.,Industrials,^SP500-20,IYJ,,- 'EFX',,,,
EIX,Edison Int'l,Utilities,^SP500-55,IDU,,- 'EIX',,,,
EL,Estee Lauder Cos.,Consumer Staples,^SP500-30,VDC,,- 'EL',,,,
EMN,Eastman Chemical,Materials,^SP500-15,IYM,,- 'EMN',,,,
EMR,Emerson Electric Company,Industrials,^SP500-20,IYJ,,- 'EMR',,,,
EOG,EOG Resources,Energy,^SP500-10,IYE,,- 'EOG',,,,
EQIX,Equinix,Real Estate,^SP500-60,IYR,,- 'EQIX',,,,
EQR,Equity Residential,Real Estate,^SP500-60,IYR,,- 'EQR',,,,
EQT,EQT Corporation,Energy,^SP500-10,IYE,,- 'EQT',,,,
ES,Eversource Energy,Utilities,^SP500-55,IDU,,- 'ES',,,,
ESS,"Essex Property Trust, Inc.",Real Estate,^SP500-60,IYR,,- 'ESS',,,,
ETN,Eaton Corporation,Industrials,^SP500-20,IYJ,,- 'ETN',,,,
ETR,Entergy Corp.,Utilities,^SP500-55,IDU,,- 'ETR',,,,
EW,Edwards Lifesciences,Health Care,^SP500-35,IYH,,- 'EW',,,,
EXC,Exelon Corp.,Utilities,^SP500-55,IDU,,- 'EXC',,,,
EXPD,Expeditors International,Industrials,^SP500-20,IYJ,,- 'EXPD',,,,
EXPE,Expedia Inc.,Consumer Discretionary,^SP500-25,XLY,,- 'EXPE',,,,
EXR,Extra Space Storage,Real Estate,^SP500-60,IYR,,- 'EXR',,,,
F,Ford Motor,Consumer Discretionary,^SP500-25,XLY,,- 'F',,,,
FAST,Fastenal Co,Industrials,^SP500-20,IYJ,,- 'FAST',,,,
FB,"Facebook, Inc.",Information Technology,^SP500-45,IYW,,- 'FB',,,,
FBHS,Fortune Brands Home & Security,Industrials,^SP500-20,IYJ,,- 'FBHS',,,,
FCX,Freeport-McMoRan Inc.,Materials,^SP500-15,IYM,,- 'FCX',,,,
FDX,FedEx Corporation,Industrials,^SP500-20,IYJ,,- 'FDX',,,,
FE,FirstEnergy Corp,Utilities,^SP500-55,IDU,,- 'FE',,,,
FFIV,F5 Networks,Information Technology,^SP500-45,IYW,,- 'FFIV',,,,
FIS,Fidelity National Information Services,Information Technology,^SP500-45,IYW,,- 'FIS',,,,
FISV,Fiserv Inc,Information Technology,^SP500-45,IYW,,- 'FISV',,,,
FITB,Fifth Third Bancorp,Financials,^SP500-40,IYF,,- 'FITB',,,,
FL,Foot Locker Inc,Consumer Discretionary,^SP500-25,XLY,,- 'FL',,,,
FLIR,FLIR Systems,Information Technology,^SP500-45,IYW,,- 'FLIR',,,,
FLR,Fluor Corp.,Industrials,^SP500-20,IYJ,,- 'FLR',,,,
FLS,Flowserve Corporation,Industrials,^SP500-20,IYJ,,- 'FLS',,,,
FMC,FMC Corporation,Materials,^SP500-15,IYM,,- 'FMC',,,,
FOX,Fox Corporation (Class B),Communication Services,^SP500-50,IYZ,,- 'FOX',,,,
FOXA,Fox Corporation (Class A),Communication Services,^SP500-50,IYZ,,- 'FOXA',,,,
FRT,Federal Realty Investment Trust,Real Estate,^SP500-60,IYR,,- 'FRT',,,,
FTI,TechnipFMC,Energy,^SP500-10,IYE,,- 'FTI',,,,
FTV,Fortive Corp,Industrials,^SP500-20,IYJ,,- 'FTV',,,,
GD,General Dynamics,Industrials,^SP500-20,IYJ,,- 'GD',,,,
GE,General Electric,Industrials,^SP500-20,IYJ,,- 'GE',,,,
GILD,Gilead Sciences,Health Care,^SP500-35,IYH,,- 'GILD',,,,
GIS,General Mills,Consumer Staples,^SP500-30,VDC,,- 'GIS',,,,
GLW,Corning Inc.,Information Technology,^SP500-45,IYW,,- 'GLW',,,,
GM,General Motors,Consumer Discretionary,^SP500-25,XLY,,- 'GM',,,,
GOOG,Alphabet Inc Class C,Information Technology,^SP500-45,IYW,,- 'GOOG',,,,
GOOGL,Alphabet Inc Class A,Information Technology,^SP500-45,IYW,,- 'GOOGL',,,,
GPC,Genuine Parts,Consumer Discretionary,^SP500-25,XLY,,- 'GPC',,,,
GPN,Global Payments Inc.,Information Technology,^SP500-45,IYW,,- 'GPN',,,,
GPS,Gap Inc.,Consumer Discretionary,^SP500-25,XLY,,- 'GPS',,,,
GRMN,Garmin Ltd.,Consumer Discretionary,^SP500-25,XLY,,- 'GRMN',,,,
GS,Goldman Sachs Group,Financials,^SP500-40,IYF,,- 'GS',,,,
GT,Goodyear Tire & Rubber,Consumer Discretionary,^SP500-25,XLY,,- 'GT',,,,
GWW,Grainger (W.W.) Inc.,Industrials,^SP500-20,IYJ,,- 'GWW',,,,
HAL,Halliburton Co.,Energy,^SP500-10,IYE,,- 'HAL',,,,
HAS,Hasbro Inc.,Consumer Discretionary,^SP500-25,XLY,,- 'HAS',,,,
HBAN,Huntington Bancshares,Financials,^SP500-40,IYF,,- 'HBAN',,,,
HBI,Hanesbrands Inc,Consumer Discretionary,^SP500-25,XLY,,- 'HBI',,,,
HCA,HCA Holdings,Health Care,^SP500-35,IYH,,- 'HCA',,,,
HD,Home Depot,Consumer Discretionary,^SP500-25,XLY,,- 'HD',,,,
HES,Hess Corporation,Energy,^SP500-10,IYE,,- 'HES',,,,
HIG,Hartford Financial Svc.Gp.,Financials,^SP500-40,IYF,,- 'HIG',,,,
HII,Huntington Ingalls Industries,Industrials,^SP500-20,IYJ,,- 'HII',,,,
HLT,Hilton Worldwide Holdings Inc,Consumer Discretionary,^SP500-25,XLY,,- 'HLT',,,,
HOG,Harley-Davidson,Consumer Discretionary,^SP500-25,XLY,,- 'HOG',,,,
HOLX,Hologic,Health Care,^SP500-35,IYH,,- 'HOLX',,,,
HON,Honeywell Int'l Inc.,Industrials,^SP500-20,IYJ,,- 'HON',,,,
HP,Helmerich & Payne,Energy,^SP500-10,IYE,,- 'HP',,,,
HPE,Hewlett Packard Enterprise,Information Technology,^SP500-45,IYW,,- 'HPE',,,,
HPQ,HP Inc.,Information Technology,^SP500-45,IYW,,- 'HPQ',,,,
HRB,Block H&R,Financials,^SP500-40,IYF,,- 'HRB',,,,
HRL,Hormel Foods Corp.,Consumer Staples,^SP500-30,VDC,,- 'HRL',,,,
HSIC,Henry Schein,Health Care,^SP500-35,IYH,,- 'HSIC',,,,
HST,Host Hotels & Resorts,Real Estate,^SP500-60,IYR,,- 'HST',,,,
HSY,The Hershey Company,Consumer Staples,^SP500-30,VDC,,- 'HSY',,,,
HUM,Humana Inc.,Health Care,^SP500-35,IYH,,- 'HUM',,,,
IBM,International Business Machines,Information Technology,^SP500-45,IYW,,- 'IBM',,,,
ICE,Intercontinental Exchange,Financials,^SP500-40,IYF,,- 'ICE',,,,
IDXX,IDEXX Laboratories,Health Care,^SP500-35,IYH,,- 'IDXX',,,,
IFF,Intl Flavors & Fragrances,Materials,^SP500-15,IYM,,- 'IFF',,,,
ILMN,Illumina Inc,Health Care,^SP500-35,IYH,,- 'ILMN',,,,
INCY,Incyte,Health Care,^SP500-35,IYH,,- 'INCY',,,,
INFO,IHS Markit Ltd.,Industrials,^SP500-20,IYJ,,- 'INFO',,,,
INTC,Intel Corp.,Information Technology,^SP500-45,IYW,,- 'INTC',,,,
INTU,Intuit Inc.,Information Technology,^SP500-45,IYW,,- 'INTU',,,,
IP,International Paper,Materials,^SP500-15,IYM,,- 'IP',,,,
IPG,Interpublic Group,Consumer Discretionary,^SP500-25,XLY,,- 'IPG',,,,
IQV,IQVIA Holdings Inc.,Health Care,^SP500-35,IYH,,- 'IQV',,,,
IR,Ingersoll-Rand PLC,Industrials,^SP500-20,IYJ,,- 'IR',,,,
IRM,Iron Mountain Incorporated,Real Estate,^SP500-60,IYR,,- 'IRM',,,,
ISRG,Intuitive Surgical Inc.,Health Care,^SP500-35,IYH,,- 'ISRG',,,,
IT,Gartner Inc,Information Technology,^SP500-45,IYW,,- 'IT',,,,
ITW,Illinois Tool Works,Industrials,^SP500-20,IYJ,,- 'ITW',,,,
IVZ,Invesco Ltd.,Financials,^SP500-40,IYF,,- 'IVZ',,,,
JBHT,J. B. Hunt Transport Services,Industrials,^SP500-20,IYJ,,- 'JBHT',,,,
JCI,Johnson Controls International,Industrials,^SP500-20,IYJ,,- 'JCI',,,,
JD,JD.com,Consumer Discretionary,^SP500-25,XLY,,- 'JD',,,,
JNJ,Johnson & Johnson,Health Care,^SP500-35,IYH,,- 'JNJ',,,,
JNPR,Juniper Networks,Information Technology,^SP500-45,IYW,,- 'JNPR',,,,
JPM,JPMorgan Chase & Co.,Financials,^SP500-40,IYF,,- 'JPM',,,,
JWN,Nordstrom,Consumer Discretionary,^SP500-25,XLY,,- 'JWN',,,,
K,Kellogg Co.,Consumer Staples,^SP500-30,VDC,,- 'K',,,,
KDP,Keurig Dr Pepper Inc.,Consumer Staples,^SP500-30,VDC,,- 'KDP',,,,
KEY,KeyCorp,Financials,^SP500-40,IYF,,- 'KEY',,,,
KHC,Kraft Heinz Co,Consumer Staples,^SP500-30,VDC,,- 'KHC',,,,
KIM,Kimco Realty,Real Estate,^SP500-60,IYR,,- 'KIM',,,,
KLAC,KLA-Tencor Corp.,Information Technology,^SP500-45,IYW,,- 'KLAC',,,,
KMB,Kimberly-Clark,Consumer Staples,^SP500-30,VDC,,- 'KMB',,,,
KMI,Kinder Morgan,Energy,^SP500-10,IYE,,- 'KMI',,,,
KMX,Carmax Inc,Consumer Discretionary,^SP500-25,XLY,,- 'KMX',,,,
KO,Coca-Cola Company (The),Consumer Staples,^SP500-30,VDC,,- 'KO',,,,
KR,Kroger Co.,Consumer Staples,^SP500-30,VDC,,- 'KR',,,,
KSS,Kohl's Corp.,Consumer Discretionary,^SP500-25,XLY,,- 'KSS',,,,
KSU,Kansas City Southern,Industrials,^SP500-20,IYJ,,- 'KSU',,,,
L,Loews Corp.,Financials,^SP500-40,IYF,,- 'L',,,,
LB,L Brands Inc.,Consumer Discretionary,^SP500-25,XLY,,- 'LB',,,,
LEG,Leggett & Platt,Consumer Discretionary,^SP500-25,XLY,,- 'LEG',,,,
LEN,Lennar Corp.,Consumer Discretionary,^SP500-25,XLY,,- 'LEN',,,,
LH,Laboratory Corp. of America Holding,Health Care,^SP500-35,IYH,,- 'LH',,,,
LKQ,LKQ Corporation,Consumer Discretionary,^SP500-25,XLY,,- 'LKQ',,,,
LLY,Lilly (Eli) & Co.,Health Care,^SP500-35,IYH,,- 'LLY',,,,
LMT,Lockheed Martin Corp.,Industrials,^SP500-20,IYJ,,- 'LMT',,,,
LNC,Lincoln National,Financials,^SP500-40,IYF,,- 'LNC',,,,
LNT,Alliant Energy Corp,Utilities,^SP500-55,IDU,,- 'LNT',,,,
LOW,Lowe's Cos.,Consumer Discretionary,^SP500-25,XLY,,- 'LOW',,,,
LRCX,Lam Research,Information Technology,^SP500-45,IYW,,- 'LRCX',,,,
LULU,Lululemon Athletica,Consumer Discretionary,^SP500-25,XLY,,- 'LULU',,,,
LUV,Southwest Airlines,Industrials,^SP500-20,IYJ,,- 'LUV',,,,
LYB,LyondellBasell,Materials,^SP500-15,IYM,,- 'LYB',,,,
M,Macy's Inc.,Consumer Discretionary,^SP500-25,XLY,,- 'M',,,,
MA,Mastercard Inc.,Information Technology,^SP500-45,IYW,,- 'MA',,,,
MAA,Mid-America Apartments,Real Estate,^SP500-60,IYR,,- 'MAA',,,,
MAC,Macerich,Real Estate,^SP500-60,IYR,,- 'MAC',,,,
MAR,Marriott Int'l.,Consumer Discretionary,^SP500-25,XLY,,- 'MAR',,,,
MAS,Masco Corp.,Industrials,^SP500-20,IYJ,,- 'MAS',,,,
MAT,Mattel Inc.,Consumer Discretionary,^SP500-25,XLY,,- 'MAT',,,,
MCD,McDonald's Corp.,Consumer Discretionary,^SP500-25,XLY,,- 'MCD',,,,
MCHP,Microchip Technology,Information Technology,^SP500-45,IYW,,- 'MCHP',,,,
MCK,McKesson Corp.,Health Care,^SP500-35,IYH,,- 'MCK',,,,
MCO,Moody's Corp,Financials,^SP500-40,IYF,,- 'MCO',,,,
MDLZ,Mondelez International,Consumer Staples,^SP500-30,VDC,,- 'MDLZ',,,,
MDT,Medtronic plc,Health Care,^SP500-35,IYH,,- 'MDT',,,,
MELI,MercadoLibre,Consumer Discretionary,^SP500-25,XLY,,- 'MELI',,,,
MET,MetLife Inc.,Financials,^SP500-40,IYF,,- 'MET',,,,
MGM,MGM Resorts International,Consumer Discretionary,^SP500-25,XLY,,- 'MGM',,,,
MHK,Mohawk Industries,Consumer Discretionary,^SP500-25,XLY,,- 'MHK',,,,
MKC,McCormick & Co.,Consumer Staples,^SP500-30,VDC,,- 'MKC',,,,
MLM,Martin Marietta Materials,Materials,^SP500-15,IYM,,- 'MLM',,,,
MMC,Marsh & McLennan,Financials,^SP500-40,IYF,,- 'MMC',,,,
MMM,3M Company,Industrials,^SP500-20,IYJ,,- 'MMM',,,,
MNST,Monster Beverage,Consumer Staples,^SP500-30,VDC,,- 'MNST',,,,
MO,Altria Group Inc,Consumer Staples,^SP500-30,VDC,,- 'MO',,,,
MOS,The Mosaic Company,Materials,^SP500-15,IYM,,- 'MOS',,,,
MPC,Marathon Petroleum,Energy,^SP500-10,IYE,,- 'MPC',,,,
MRK,Merck & Co.,Health Care,^SP500-35,IYH,,- 'MRK',,,,
MRNA,Moderna,Health Care,^SP500-35,IYH,,- 'MRNA',,,,
MRO,Marathon Oil Corp.,Energy,^SP500-10,IYE,,- 'MRO',,,,
MRVL,Marvell Technology Group,Information Technology,^SP500-45,IYW,,- 'MRVL',,,,
MS,Morgan Stanley,Financials,^SP500-40,IYF,,- 'MS',,,,
MSFT,Microsoft Corp.,Information Technology,^SP500-45,IYW,,- 'MSFT',,,,
MSI,Motorola Solutions Inc.,Information Technology,^SP500-45,IYW,,- 'MSI',,,,
MTB,M&T Bank Corp.,Financials,^SP500-40,IYF,,- 'MTB',,,,
MTCH,Match Group,Communication Services,^SP500-50,IYZ,,- 'MTCH',,,,
MTD,Mettler Toledo,Health Care,^SP500-35,IYH,,- 'MTD',,,,
MU,Micron Technology,Information Technology,^SP500-45,IYW,,- 'MU',,,,
MU,"Micron Technology, Inc.",Information Technology,^SP500-45,IYW,,- 'MU',,,,
MXIM,Maxim Integrated Products,Information Technology,^SP500-45,IYW,,- 'MXIM',,,,
NAVI,Navient,Financials,^SP500-40,IYF,,- 'NAVI',,,,
NCLH,Norwegian Cruise Line,Consumer Discretionary,^SP500-25,XLY,,- 'NCLH',,,,
NDAQ,"Nasdaq, Inc.",Financials,^SP500-40,IYF,,- 'NDAQ',,,,
NEE,NextEra Energy,Utilities,^SP500-55,IDU,,- 'NEE',,,,
NEM,Newmont Mining Corporation,Materials,^SP500-15,IYM,,- 'NEM',,,,
NFLX,Netflix,Communication Services,^SP500-50,IYZ,,- 'NFLX',,,,
NI,NiSource Inc.,Utilities,^SP500-55,IDU,,- 'NI',,,,
NKE,Nike,Consumer Discretionary,^SP500-25,XLY,,- 'NKE',,,,
NLSN,Nielsen Holdings,Industrials,^SP500-20,IYJ,,- 'NLSN',,,,
NOC,Northrop Grumman Corp.,Industrials,^SP500-20,IYJ,,- 'NOC',,,,
NOV,National Oilwell Varco Inc.,Energy,^SP500-10,IYE,,- 'NOV',,,,
NRG,NRG Energy,Utilities,^SP500-55,IDU,,- 'NRG',,,,
NSC,Norfolk Southern Corp.,Industrials,^SP500-20,IYJ,,- 'NSC',,,,
NTAP,NetApp,Information Technology,^SP500-45,IYW,,- 'NTAP',,,,
NTES,"NetEase, Inc.",Communication Services,^SP500-50,IYZ,,- 'NTES',,,,
NTRS,Northern Trust Corp.,Financials,^SP500-40,IYF,,- 'NTRS',,,,
NUE,Nucor Corp.,Materials,^SP500-15,IYM,,- 'NUE',,,,
NVDA,Nvidia Corporation,Information Technology,^SP500-45,IYW,,- 'NVDA',,,,
NWL,Newell Brands,Consumer Discretionary,^SP500-25,XLY,,- 'NWL',,,,
NWS,News Corp. Class B,Consumer Discretionary,^SP500-25,XLY,,- 'NWS',,,,
NWSA,News Corp. Class A,Consumer Discretionary,^SP500-25,XLY,,- 'NWSA',,,,
NXPI,NXP Semiconductors,Information Technology,^SP500-45,IYW,,- 'NXPI',,,,
O,Realty Income Corporation,Real Estate,^SP500-60,IYR,,- 'O',,,,
OKE,ONEOK,Energy,^SP500-10,IYE,,- 'OKE',,,,
OKTA,"Okta, Inc.",Information Technology,^SP500-45,IYW,,- 'OKTA',,,,
OMC,Omnicom Group,Consumer Discretionary,^SP500-25,XLY,,- 'OMC',,,,
ORCL,Oracle Corp.,Information Technology,^SP500-45,IYW,,- 'ORCL',,,,
ORLY,O'Reilly Automotive,Consumer Discretionary,^SP500-25,XLY,,- 'ORLY',,,,
OXY,Occidental Petroleum,Energy,^SP500-10,IYE,,- 'OXY',,,,
PAYX,Paychex Inc.,Information Technology,^SP500-45,IYW,,- 'PAYX',,,,
PBCT,People's United Financial,Financials,^SP500-40,IYF,,- 'PBCT',,,,
PCAR,PACCAR Inc.,Industrials,^SP500-20,IYJ,,- 'PCAR',,,,
PCG,PG&E Corp.,Utilities,^SP500-55,IDU,,- 'PCG',,,,
PDCO,Patterson Companies,Health Care,^SP500-35,IYH,,- 'PDCO',,,,
PDD,Pinduoduo Inc.,Consumer Discretionary,^SP500-25,XLY,,- 'PDD',,,,
PEG,Public Serv. Enterprise Inc.,Utilities,^SP500-55,IDU,,- 'PEG',,,,
PEP,PepsiCo Inc.,Consumer Staples,^SP500-30,VDC,,- 'PEP',,,,
PFE,Pfizer Inc.,Health Care,^SP500-35,IYH,,- 'PFE',,,,
PFG,Principal Financial Group,Financials,^SP500-40,IYF,,- 'PFG',,,,
PG,Procter & Gamble,Consumer Staples,^SP500-30,VDC,,- 'PG',,,,
PGR,Progressive Corp.,Financials,^SP500-40,IYF,,- 'PGR',,,,
PH,Parker-Hannifin,Industrials,^SP500-20,IYJ,,- 'PH',,,,
PHM,Pulte Homes Inc.,Consumer Discretionary,^SP500-25,XLY,,- 'PHM',,,,
PKG,Packaging Corporation of America,Materials,^SP500-15,IYM,,- 'PKG',,,,
PKI,PerkinElmer,Health Care,^SP500-35,IYH,,- 'PKI',,,,
PLD,Prologis,Real Estate,^SP500-60,IYR,,- 'PLD',,,,
PM,Philip Morris International,Consumer Staples,^SP500-30,VDC,,- 'PM',,,,
PNC,PNC Financial Services,Financials,^SP500-40,IYF,,- 'PNC',,,,
PNR,Pentair Ltd.,Industrials,^SP500-20,IYJ,,- 'PNR',,,,
PNW,Pinnacle West Capital,Utilities,^SP500-55,IDU,,- 'PNW',,,,
PPG,PPG Industries,Materials,^SP500-15,IYM,,- 'PPG',,,,
PPL,PPL Corp.,Utilities,^SP500-55,IDU,,- 'PPL',,,,
PRGO,Perrigo,Health Care,^SP500-35,IYH,,- 'PRGO',,,,
PRU,Prudential Financial,Financials,^SP500-40,IYF,,- 'PRU',,,,
PSA,Public Storage,Real Estate,^SP500-60,IYR,,- 'PSA',,,,
PSX,Phillips 66,Energy,^SP500-10,IYE,,- 'PSX',,,,
PTON,Peloton Interactive,Consumer Discretionary,^SP500-25,XLY,,- 'PTON',,,,
PVH,PVH Corp.,Consumer Discretionary,^SP500-25,XLY,,- 'PVH',,,,
PWR,Quanta Services Inc.,Industrials,^SP500-20,IYJ,,- 'PWR',,,,
PXD,Pioneer Natural Resources,Energy,^SP500-10,IYE,,- 'PXD',,,,
PYPL,PayPal,Information Technology,^SP500-45,IYW,,- 'PYPL',,,,
QCOM,QUALCOMM Inc.,Information Technology,^SP500-45,IYW,,- 'QCOM',,,,
QRVO,Qorvo,Information Technology,^SP500-45,IYW,,- 'QRVO',,,,
RCL,Royal Caribbean Cruises Ltd,Consumer Discretionary,^SP500-25,XLY,,- 'RCL',,,,
RE,Everest Re Group Ltd.,Financials,^SP500-40,IYF,,- 'RE',,,,
REG,Regency Centers Corporation,Real Estate,^SP500-60,IYR,,- 'REG',,,,
REGN,Regeneron Pharmaceuticals,Health Care,^SP500-35,IYH,,- 'REGN',,,,
RF,Regions Financial Corp.,Financials,^SP500-40,IYF,,- 'RF',,,,
RHI,Robert Half International,Industrials,^SP500-20,IYJ,,- 'RHI',,,,
RJF,Raymond James Financial Inc.,Financials,^SP500-40,IYF,,- 'RJF',,,,
RL,Polo Ralph Lauren Corp.,Consumer Discretionary,^SP500-25,XLY,,- 'RL',,,,
RMD,ResMed,Health Care,^SP500-35,IYH,,- 'RMD',,,,
ROK,Rockwell Automation Inc.,Industrials,^SP500-20,IYJ,,- 'ROK',,,,
ROP,Roper Technologies,Industrials,^SP500-20,IYJ,,- 'ROP',,,,
ROST,Ross Stores,Consumer Discretionary,^SP500-25,XLY,,- 'ROST',,,,
RRC,Range Resources Corp.,Energy,^SP500-10,IYE,,- 'RRC',,,,
RSG,Republic Services Inc,Industrials,^SP500-20,IYJ,,- 'RSG',,,,
SBAC,SBA Communications,Real Estate,^SP500-60,IYR,,- 'SBAC',,,,
SBUX,Starbucks Corp.,Consumer Discretionary,^SP500-25,XLY,,- 'SBUX',,,,
SCG,SCANA Corp,Utilities,^SP500-55,IDU,,- 'SCG',,,,
SCHW,Charles Schwab Corporation,Financials,^SP500-40,IYF,,- 'SCHW',,,,
SEE,Sealed Air,Materials,^SP500-15,IYM,,- 'SEE',,,,
SGEN,Seagen Inc.,Health Care,^SP500-35,IYH,,- 'SGEN',,,,
SHW,Sherwin-Williams,Materials,^SP500-15,IYM,,- 'SHW',,,,
SIG,Signet Jewelers,Consumer Discretionary,^SP500-25,XLY,,- 'SIG',,,,
SIRI,Sirius XM Holdings Inc.,Communication Services,^SP500-50,IYZ,,- 'SIRI',,,,
SJM,JM Smucker,Consumer Staples,^SP500-30,VDC,,- 'SJM',,,,
SLB,Schlumberger Ltd.,Energy,^SP500-10,IYE,,- 'SLB',,,,
SLG,SL Green Realty,Real Estate,^SP500-60,IYR,,- 'SLG',,,,
SNA,Snap-On Inc.,Consumer Discretionary,^SP500-25,XLY,,- 'SNA',,,,
SNPS,Synopsys Inc.,Information Technology,^SP500-45,IYW,,- 'SNPS',,,,
SO,Southern Co.,Utilities,^SP500-55,IDU,,- 'SO',,,,
SPG,Simon Property Group Inc,Real Estate,^SP500-60,IYR,,- 'SPG',,,,
SPGI,"S&P Global, Inc.",Financials,^SP500-40,IYF,,- 'SPGI',,,,
SPLK,Splunk,Information Technology,^SP500-45,IYW,,- 'SPLK',,,,
SRCL,Stericycle Inc,Industrials,^SP500-20,IYJ,,- 'SRCL',,,,
SRE,Sempra Energy,Utilities,^SP500-55,IDU,,- 'SRE',,,,
STT,State Street Corp.,Financials,^SP500-40,IYF,,- 'STT',,,,
STX,Seagate Technology,Information Technology,^SP500-45,IYW,,- 'STX',,,,
STZ,Constellation Brands,Consumer Staples,^SP500-30,VDC,,- 'STZ',,,,
SWK,Stanley Black & Decker,Consumer Discretionary,^SP500-25,XLY,,- 'SWK',,,,
SWKS,Skyworks Solutions,Information Technology,^SP500-45,IYW,,- 'SWKS',,,,
SYF,Synchrony Financial,Financials,^SP500-40,IYF,,- 'SYF',,,,
SYK,Stryker Corp.,Health Care,^SP500-35,IYH,,- 'SYK',,,,
SYY,Sysco Corp.,Consumer Staples,^SP500-30,VDC,,- 'SYY',,,,
T,AT&T Inc,Communication Services,^SP500-50,IYZ,,- 'T',,,,
TAP,Molson Coors Brewing Company,Consumer Staples,^SP500-30,VDC,,- 'TAP',,,,
TCOM,Trip.com Group,Consumer Discretionary,^SP500-25,XLY,,- 'TCOM',,,,
TDG,TransDigm Group,Industrials,^SP500-20,IYJ,,- 'TDG',,,,
TEAM,Atlassian,Information Technology,^SP500-45,IYW,,- 'TEAM',,,,
TEL,TE Connectivity Ltd.,Information Technology,^SP500-45,IYW,,- 'TEL',,,,
TGT,Target Corp.,Consumer Discretionary,^SP500-25,XLY,,- 'TGT',,,,
TJX,TJX Companies Inc.,Consumer Discretionary,^SP500-25,XLY,,- 'TJX',,,,
TMO,Thermo Fisher Scientific,Health Care,^SP500-35,IYH,,- 'TMO',,,,
TMUS,T-Mobile US,Communication Services,^SP500-50,IYZ,,- 'TMUS',,,,
TPR,"Tapestry, Inc.",Consumer Discretionary,^SP500-25,XLY,,- 'TPR',,,,
TRIP,TripAdvisor,Consumer Discretionary,^SP500-25,XLY,,- 'TRIP',,,,
TROW,T. Rowe Price Group,Financials,^SP500-40,IYF,,- 'TROW',,,,
TRV,The Travelers Companies Inc.,Financials,^SP500-40,IYF,,- 'TRV',,,,
TSCO,Tractor Supply Company,Consumer Discretionary,^SP500-25,XLY,,- 'TSCO',,,,
TSLA,"Tesla, Inc.",Consumer Discretionary,^SP500-25,XLY,,- 'TSLA',,,,
TSN,Tyson Foods,Consumer Staples,^SP500-30,VDC,,- 'TSN',,,,
TXN,Texas Instruments,Information Technology,^SP500-45,IYW,,- 'TXN',,,,
TXT,Textron Inc.,Industrials,^SP500-20,IYJ,,- 'TXT',,,,
UA,Under Armour Class C,Consumer Discretionary,^SP500-25,XLY,,- 'UA',,,,
UAA,Under Armour Class A,Consumer Discretionary,^SP500-25,XLY,,- 'UAA',,,,
UAL,United Continental Holdings,Industrials,^SP500-20,IYJ,,- 'UAL',,,,
UDR,UDR Inc,Real Estate,^SP500-60,IYR,,- 'UDR',,,,
UHS,"Universal Health Services, Inc.",Health Care,^SP500-35,IYH,,- 'UHS',,,,
ULTA,Ulta Salon Cosmetics & Fragrance Inc,Consumer Discretionary,^SP500-25,XLY,,- 'ULTA',,,,
UNH,United Health Group Inc.,Health Care,^SP500-35,IYH,,- 'UNH',,,,
UNM,Unum Group,Financials,^SP500-40,IYF,,- 'UNM',,,,
UNP,Union Pacific,Industrials,^SP500-20,IYJ,,- 'UNP',,,,
UPS,United Parcel Service,Industrials,^SP500-20,IYJ,,- 'UPS',,,,
URI,"United Rentals, Inc.",Industrials,^SP500-20,IYJ,,- 'URI',,,,
USB,U.S. Bancorp,Financials,^SP500-40,IYF,,- 'USB',,,,
V,Visa Inc.,Information Technology,^SP500-45,IYW,,- 'V',,,,
VAR,Varian Medical Systems,Health Care,^SP500-35,IYH,,- 'VAR',,,,
VFC,V.F. Corp.,Consumer Discretionary,^SP500-25,XLY,,- 'VFC',,,,
VLO,Valero Energy,Energy,^SP500-10,IYE,,- 'VLO',,,,
VMC,Vulcan Materials,Materials,^SP500-15,IYM,,- 'VMC',,,,
VNO,Vornado Realty Trust,Real Estate,^SP500-60,IYR,,- 'VNO',,,,
VRSK,Verisk Analytics,Industrials,^SP500-20,IYJ,,- 'VRSK',,,,
VRSN,Verisign Inc.,Information Technology,^SP500-45,IYW,,- 'VRSN',,,,
VRTX,Vertex Pharmaceuticals Inc,Health Care,^SP500-35,IYH,,- 'VRTX',,,,
VTR,Ventas Inc,Real Estate,^SP500-60,IYR,,- 'VTR',,,,
VZ,Verizon Communications,Communication Services,^SP500-50,IYZ,,- 'VZ',,,,
WAT,Waters Corporation,Health Care,^SP500-35,IYH,,- 'WAT',,,,
WBA,Walgreens Boots Alliance,Consumer Staples,^SP500-30,VDC,,- 'WBA',,,,
WDAY,"Workday, Inc.",Information Technology,^SP500-45,IYW,,- 'WDAY',,,,
WDC,Western Digital,Information Technology,^SP500-45,IYW,,- 'WDC',,,,
WEC,Wec Energy Group Inc,Utilities,^SP500-55,IDU,,- 'WEC',,,,
WFC,Wells Fargo,Financials,^SP500-40,IYF,,- 'WFC',,,,
WHR,Whirlpool Corp.,Consumer Discretionary,^SP500-25,XLY,,- 'WHR',,,,
WLTW,Willis Towers Watson,Financials,^SP500-40,IYF,,- 'WLTW',,,,
WM,Waste Management Inc.,Industrials,^SP500-20,IYJ,,- 'WM',,,,
WMB,Williams Cos.,Energy,^SP500-10,IYE,,- 'WMB',,,,
WMT,Wal-Mart Stores,Consumer Staples,^SP500-30,VDC,,- 'WMT',,,,
WRK,WestRock Company,Materials,^SP500-15,IYM,,- 'WRK',,,,
WU,Western Union Co,Information Technology,^SP500-45,IYW,,- 'WU',,,,
WY,Weyerhaeuser Corp.,Real Estate,^SP500-60,IYR,,- 'WY',,,,
WYNN,Wynn Resorts Ltd,Consumer Discretionary,^SP500-25,XLY,,- 'WYNN',,,,
XEC,Cimarex Energy,Energy,^SP500-10,IYE,,- 'XEC',,,,
XEL,Xcel Energy Inc,Utilities,^SP500-55,IDU,,- 'XEL',,,,
XL,XL Capital,Financials,^SP500-40,IYF,,- 'XL',,,,
XLNX,Xilinx Inc,Information Technology,^SP500-45,IYW,,- 'XLNX',,,,
XOM,Exxon Mobil Corp.,Energy,^SP500-10,IYE,,- 'XOM',,,,
XRAY,Dentsply Sirona,Health Care,^SP500-35,IYH,,- 'XRAY',,,,
XRX,Xerox Corp.,Information Technology,^SP500-45,IYW,,- 'XRX',,,,
XYL,Xylem Inc.,Industrials,^SP500-20,IYJ,,- 'XYL',,,,
YUM,Yum! Brands Inc,Consumer Discretionary,^SP500-25,XLY,,- 'YUM',,,,
ZBH,Zimmer Biomet Holdings,Health Care,^SP500-35,IYH,,- 'ZBH',,,,
ZION,Zions Bancorp,Financials,^SP500-40,IYF,,- 'ZION',,,,
ZM,Zoom Video Communications,Information Technology,^SP500-45,IYW,,- 'ZM',,,,
ZTS,Zoetis,Health Care,^SP500-35,IYH,,- 'ZTS',,,,
,,,,,,,,,,
,,,,,,,,,,
,,,,,,,,,,
,,,,,,,,,,
,,,,,,,,,,
,,,,,,,,,,
,,,,,,,,,,
,,,,,,,,,,
,,,,,,,,,,
,,,,,,,,,,
,,,,,,,,,,
,,,,,,,,,,
,,,,,,,,,,
,,,,,,,,,,
,,,,,,,,,,
,,,,,,,,,,
,,,,,,,,,,
,,,,,,,,,,
,,,,,,,,,,
,,,,,,,,,,
,,,,,,,,,,
,,,,,,,,,,
,,,,,,,,,,
,,,,,,,,,,
,,,,,,,,,,
,,,,,,,,,,
,,,,,,,,,,
,,,,,,,,,,
,,,,,,,,,,
,,,,,,,,,,
,,,,,,,,,,
,,,,,,,,,,
,,,,,,,,,,
,,,,,,,,,,
,,,,,,,,,,
,,,,,,,,,,
,,,,,,,,,,
,,,,,,,,,,
,,,,,,,,,,
,,,,,,,,,,
,,,,,,,,,,
,,,,,,,,,,
,,,,,,,,,,
,,,,,,,,,,
,,,,,,,,,,
,,,,,,,,,,
,,,,,,,,,,
,,,,,,,,,,
,,,,,,,,,,
,,,,,,,,,,
,,,,,,,,,,
,,,,,,,,,,
,,,,,,,,,,
,,,,,,,,,,
,,,,,,,,,,
,,,,,,,,,,
,,,,,,,,,,
,,,,,,,,,,
,,,,,,,,,,
,,,,,,,,,,
,,,,,,,,,,
,,,,,,,,,,
,,,,,,,,,,
,,,,,,,,,,
,,,,,,,,,,
,,,,,,,,,,
,,,,,,,,,,
,,,,,,,,,,
,,,,,,,,,,
,,,,,,,,,,
,,,,,,,,,,
,,,,,,,,,,
,,,,,,,,,,
,,,,,,,,,,
,,,,,,,,,,
,,,,,,,,,,
,,,,,,,,,,
,,,,,,,,,,
,,,,,,,,,,
,,,,,,,,,,
,,,,,,,,,,
,,,,,,,,,,
,,,,,,,,,,
,,,,,,,,,,
,,,,,,,,,,
,,,,,,,,,,
,,,,,,,,,,
,,,,,,,,,,
,,,,,,,,,,
,,,,,,,,,,
,,,,,,,,,,
,,,,,,,,,,
